id,first_name,last_name,full_name
1,Lucy,Bennett,Lucy Bennett
2,Elias,Rogers,Elias Rogers
3,Liam,Long,Liam Long
4,Alexander,Bailey,Alexander Bailey
5,Benjamin,Cook,Benjamin Cook
6,Layla,Davis,Layla Davis
7,Isabella,Kelly,Isabella Kelly
8,William,Harrison,William Harrison
9,Mia,Walker,Mia Walker
10,Sebastian,Green,Sebastian Green
11,Avery,Wilson,Avery Wilson
12,Ella,Wood,Ella Wood
13,Camila,Hamilton,Camila Hamilton
14,Zoe,Richardson,Zoe Richardson
15,William,Roberts,William Roberts
16,Muhammad,Smith,Muhammad Smith
17,Eleanor,Wood,Eleanor Wood
18,Paisley,Fitzgerald,Paisley Fitzgerald
19,Isla,Schmidt,Isla Schmidt
20,Josiah,Cook,Josiah Cook
21,Atlas,Kelly,Atlas Kelly
22,Elias,Schmidt,Elias Schmidt
23,Grayson,Davis,Grayson Davis
24,Aria,Morgan,Aria Morgan
25,Ava,Long,Ava Long
26,Camila,Murray,Camila Murray
27,Maverick,Reynolds,Maverick Reynolds
28,Luke,Perry,Luke Perry
29,Aria,Rogers,Aria Rogers
30,Delilah,Turner,Delilah Turner
31,Riley,Williams,Riley Williams
32,Aurora,Walker,Aurora Walker
33,Zoe,Turner,Zoe Turner
34,Muhammad,Watson,Muhammad Watson
35,Violet,Patterson,Violet Patterson
36,Gabriel,Moore,Gabriel Moore
37,Henry,Owens,Henry Owens
38,Nora,Schmidt,Nora Schmidt
39,Charlotte,Clark,Charlotte Clark
40,Noah,Rogers,Noah Rogers
41,Wyatt,West,Wyatt West
42,Roman,Phillips,Roman Phillips
43,Evelyn,Jenkins,Evelyn Jenkins
44,Roman,Cook,Roman Cook
45,Zoe,Ellis,Zoe Ellis
46,Matthew,Fisher,Matthew Fisher
47,Penelope,Fitzgerald,Penelope Fitzgerald
48,Ivy,Wright,Ivy Wright
49,Chloe,Miller,Chloe Miller
50,Santiago,Perry,Santiago Perry
51,Willow,Reynolds,Willow Reynolds
52,Isabella,Barnes,Isabella Barnes
53,Benjamin,Hughes,Benjamin Hughes
54,Ava,Perry,Ava Perry
55,James,Reynolds,James Reynolds
56,Delilah,Miller,Delilah Miller
57,Ayla,Sullivan,Ayla Sullivan
58,Riley,Patterson,Riley Patterson
59,Waylon,Marshall,Waylon Marshall
60,Benjamin,Bryant,Benjamin Bryant
61,Theodore,Taylor,Theodore Taylor
62,Ayla,Parker,Ayla Parker
63,Chloe,Martin,Chloe Martin
64,Emma,Parker,Emma Parker
65,Alexander,Jenkins,Alexander Jenkins
66,Levi,Jordan,Levi Jordan
67,Olivia,Edwards,Olivia Edwards
68,Henry,Adams,Henry Adams
69,Hudson,Bryant,Hudson Bryant
70,Levi,Jackson,Levi Jackson
71,Stella,Owens,Stella Owens
72,Ava,Sanders,Ava Sanders
73,Isabella,Evans,Isabella Evans
74,Layla,Morris,Layla Morris
75,Asher,Barnes,Asher Barnes
76,Lucy,Rogers,Lucy Rogers
77,Samuel,Graham,Samuel Graham
78,Emma,Brooks,Emma Brooks
79,Carter,Wright,Carter Wright
80,Elizabeth,Carter,Elizabeth Carter
81,Luke,Murphy,Luke Murphy
82,Mila,Smith,Mila Smith
83,Atlas,Baker,Atlas Baker
84,Lainey,Richardson,Lainey Richardson
85,Paisley,Smith,Paisley Smith
86,Zoe,Jordan,Zoe Jordan
87,Thomas,Wright,Thomas Wright
88,Oliver,Brown,Oliver Brown
89,Amelia,Parker,Amelia Parker
90,Evelyn,Robinson,Evelyn Robinson
91,Ethan,Perry,Ethan Perry
92,Eleanor,Jenkins,Eleanor Jenkins
93,Michael,Cooper,Michael Cooper
94,Chloe,Mitchell,Chloe Mitchell
95,Josiah,Miller,Josiah Miller
96,Hazel,Wilson,Hazel Wilson
97,Liam,Collins,Liam Collins
98,Sofia,Moore,Sofia Moore
99,Gabriel,Ross,Gabriel Ross
100,Aurora,Murray,Aurora Murray
101,David,Reynolds,David Reynolds
102,Avery,Bailey,Avery Bailey
103,David,Allen,David Allen
104,Layla,Fisher,Layla Fisher
105,Atlas,Stewart,Atlas Stewart
106,Ava,Russell,Ava Russell
107,Aria,Edwards,Aria Edwards
108,Julian,Nelson,Julian Nelson
109,James,Miller,James Miller
110,Theo,White,Theo White
111,Josiah,Williams,Josiah Williams
112,Santiago,Gray,Santiago Gray
113,Evelyn,Stewart,Evelyn Stewart
114,Asher,Carter,Asher Carter
115,Liam,Thompson,Liam Thompson
116,Josiah,Schmidt,Josiah Schmidt
117,Delilah,Sullivan,Delilah Sullivan
118,Evelyn,Wagner,Evelyn Wagner
119,Leilani,Scott,Leilani Scott
120,Leilani,Foster,Leilani Foster
121,Hudson,Fitzgerald,Hudson Fitzgerald
122,Rowan,Myers,Rowan Myers
123,Julian,Jackson,Julian Jackson
124,Ella,Martin,Ella Martin
125,William,Davis,William Davis
126,Paisley,Schmidt,Paisley Schmidt
127,Mila,West,Mila West
128,Elena,Fisher,Elena Fisher
129,Gianna,Coleman,Gianna Coleman
130,Thomas,Simmons,Thomas Simmons
131,Wyatt,Ross,Wyatt Ross
132,Liam,Robinson,Liam Robinson
133,Josiah,Russell,Josiah Russell
134,Noah,Fox,Noah Fox
135,Harper,Foster,Harper Foster
136,Ivy,Harrison,Ivy Harrison
137,Hudson,Brooks,Hudson Brooks
138,Evelyn,Henderson,Evelyn Henderson
139,Sofia,Smith,Sofia Smith
140,Gabriel,Green,Gabriel Green
141,Theo,Hayes,Theo Hayes
142,Thomas,Cook,Thomas Cook
143,Harper,Thomas,Harper Thomas
144,Chloe,Williams,Chloe Williams
145,Luna,Fisher,Luna Fisher
146,David,Johnson,David Johnson
147,Isaiah,Kelly,Isaiah Kelly
148,Ellie,Perry,Ellie Perry
149,Ellie,Roberts,Ellie Roberts
150,Penelope,Parker,Penelope Parker
151,Scarlett,Fitzgerald,Scarlett Fitzgerald
152,Elias,Cox,Elias Cox
153,Penelope,Wilson,Penelope Wilson
154,Sofia,Hayes,Sofia Hayes
155,Elizabeth,Powell,Elizabeth Powell
156,Leilani,Roberts,Leilani Roberts
157,Mason,Hall,Mason Hall
158,Levi,Baker,Levi Baker
159,William,Sullivan,William Sullivan
160,David,Hamilton,David Hamilton
161,Silas,Mitchell,Silas Mitchell
162,Hazel,Cox,Hazel Cox
163,Weston,Phillips,Weston Phillips
164,Levi,Cook,Levi Cook
165,Leo,Campbell,Leo Campbell
166,Lucy,Sanders,Lucy Sanders
167,James,Mitchell,James Mitchell
168,Luna,Collins,Luna Collins
169,Alexander,Baker,Alexander Baker
170,Ivy,Coleman,Ivy Coleman
171,Asher,Bailey,Asher Bailey
172,Owen,Brooks,Owen Brooks
173,Luke,Henderson,Luke Henderson
174,Noah,Baker,Noah Baker
175,Oliver,Clark,Oliver Clark
176,Riley,Smith,Riley Smith
177,Naomi,Phillips,Naomi Phillips
178,Benjamin,Cooper,Benjamin Cooper
179,Carter,Davis,Carter Davis
180,Thomas,Wagner,Thomas Wagner
181,Henry,Miller,Henry Miller
182,Wyatt,Hughes,Wyatt Hughes
183,Cooper,Howard,Cooper Howard
184,Aurora,Cook,Aurora Cook
185,Avery,Campbell,Avery Campbell
186,Riley,Powell,Riley Powell
187,Josiah,Ross,Josiah Ross
188,Daniel,Reynolds,Daniel Reynolds
189,Iris,Rogers,Iris Rogers
190,Oliver,Howard,Oliver Howard
191,Mason,Miller,Mason Miller
192,Gabriel,Baker,Gabriel Baker
193,Mason,Rogers,Mason Rogers
194,Layla,Bryant,Layla Bryant
195,Iris,Young,Iris Young
196,Delilah,Allen,Delilah Allen
197,Liam,Simmons,Liam Simmons
198,Evelyn,Richardson,Evelyn Richardson
199,Levi,Rogers,Levi Rogers
200,Eleanor,Bennett,Eleanor Bennett
201,Olivia,Lewis,Olivia Lewis
202,Theo,Harrison,Theo Harrison
203,Aria,Young,Aria Young
204,Amelia,Hill,Amelia Hill
205,Wyatt,Murphy,Wyatt Murphy
206,Sofia,Bryant,Sofia Bryant
207,Ezekiel,Price,Ezekiel Price
208,Lainey,Jackson,Lainey Jackson
209,Elias,Fitzgerald,Elias Fitzgerald
210,Gabriel,Reed,Gabriel Reed
211,Elena,Wood,Elena Wood
212,Michael,Smith,Michael Smith
213,Matthew,Davis,Matthew Davis
214,Atlas,Jordan,Atlas Jordan
215,Maverick,Wallace,Maverick Wallace
216,Ella,Fitzgerald,Ella Fitzgerald
217,Ezekiel,King,Ezekiel King
218,Daniel,Coleman,Daniel Coleman
219,Ella,Walker,Ella Walker
220,Paisley,White,Paisley White
221,Elijah,Sanders,Elijah Sanders
222,Thomas,Harris,Thomas Harris
223,Elizabeth,Hayes,Elizabeth Hayes
224,Muhammad,Bryant,Muhammad Bryant
225,Chloe,Simmons,Chloe Simmons
226,Elizabeth,Roberts,Elizabeth Roberts
227,Ethan,Green,Ethan Green
228,Ella,Cook,Ella Cook
229,Elena,Thomas,Elena Thomas
230,Weston,Smith,Weston Smith
231,Wyatt,Henderson,Wyatt Henderson
232,Julian,Clark,Julian Clark
233,Luke,Edwards,Luke Edwards
234,Liam,Russell,Liam Russell
235,Santiago,Ellis,Santiago Ellis
236,Daniel,Stewart,Daniel Stewart
237,Elijah,Young,Elijah Young
238,Santiago,Reed,Santiago Reed
239,Leilani,Fox,Leilani Fox
240,Luca,Allen,Luca Allen
241,Luna,Evans,Luna Evans
242,James,Bailey,James Bailey
243,Lily,Cooper,Lily Cooper
244,Emilia,White,Emilia White
245,Carter,Robinson,Carter Robinson
246,Daniel,Perry,Daniel Perry
247,Valentina,West,Valentina West
248,Theo,Fitzgerald,Theo Fitzgerald
249,Nora,Kelly,Nora Kelly
250,James,Fitzgerald,James Fitzgerald
251,Asher,Reynolds,Asher Reynolds
252,Violet,Long,Violet Long
253,Michael,Morgan,Michael Morgan
254,Wyatt,Lewis,Wyatt Lewis
255,Eleanor,Mitchell,Eleanor Mitchell
256,Asher,Morris,Asher Morris
257,Luna,Russell,Luna Russell
258,Layla,Jackson,Layla Jackson
259,Paisley,Johnson,Paisley Johnson
260,Daniel,Long,Daniel Long
261,Leilani,Lewis,Leilani Lewis
262,Ezekiel,Wagner,Ezekiel Wagner
263,Amara,James,Amara James
264,Valentina,Green,Valentina Green
265,Harper,Morgan,Harper Morgan
266,Charlotte,Cox,Charlotte Cox
267,Ella,Wallace,Ella Wallace
268,Ella,Barnes,Ella Barnes
269,Nora,Edwards,Nora Edwards
270,Asher,Nelson,Asher Nelson
271,Gabriel,Thompson,Gabriel Thompson
272,Nova,Cole,Nova Cole
273,Layla,Murray,Layla Murray
274,Jack,Schmidt,Jack Schmidt
275,Elizabeth,Hall,Elizabeth Hall
276,Eliana,Brown,Eliana Brown
277,Emilia,Ward,Emilia Ward
278,Muhammad,Harrison,Muhammad Harrison
279,Ava,Lewis,Ava Lewis
280,Camila,Cox,Camila Cox
281,Gabriel,Miller,Gabriel Miller
282,Lucas,Jenkins,Lucas Jenkins
283,Camila,Morgan,Camila Morgan
284,Julian,Harris,Julian Harris
285,Noah,Evans,Noah Evans
286,Ezekiel,Evans,Ezekiel Evans
287,Santiago,Parker,Santiago Parker
288,Camila,Martin,Camila Martin
289,Atlas,Adams,Atlas Adams
290,Grayson,Graham,Grayson Graham
291,Lainey,Brooks,Lainey Brooks
292,Nova,Barnes,Nova Barnes
293,Julian,Bryant,Julian Bryant
294,Leo,West,Leo West
295,Luna,Phillips,Luna Phillips
296,Ivy,Schmidt,Ivy Schmidt
297,Penelope,Graham,Penelope Graham
298,Wyatt,Phillips,Wyatt Phillips
299,Benjamin,Cole,Benjamin Cole
300,Santiago,Price,Santiago Price
301,Samuel,Walker,Samuel Walker
302,Luke,Fox,Luke Fox
303,Rowan,Anderson,Rowan Anderson
304,Layla,Harris,Layla Harris
305,Ayla,Bennett,Ayla Bennett
306,Emma,Hill,Emma Hill
307,Camila,Moore,Camila Moore
308,Weston,Jackson,Weston Jackson
309,Valentina,Harrison,Valentina Harrison
310,Luna,James,Luna James
311,Isabella,James,Isabella James
312,Luke,Watson,Luke Watson
313,Luna,Richardson,Luna Richardson
314,Carter,Collins,Carter Collins
315,Matthew,Morgan,Matthew Morgan
316,Ellie,Morris,Ellie Morris
317,Lily,Hughes,Lily Hughes
318,Thomas,Cole,Thomas Cole
319,Theo,Hughes,Theo Hughes
320,Charlotte,Barnes,Charlotte Barnes
321,Leo,Brooks,Leo Brooks
322,Paisley,Mitchell,Paisley Mitchell
323,Henry,Ward,Henry Ward
324,Naomi,Turner,Naomi Turner
325,Leilani,James,Leilani James
326,Samuel,Cox,Samuel Cox
327,Leo,Young,Leo Young
328,William,Smith,William Smith
329,Benjamin,Cox,Benjamin Cox
330,Levi,Reynolds,Levi Reynolds
331,Jack,Jenkins,Jack Jenkins
332,Penelope,Cook,Penelope Cook
333,Lily,Scott,Lily Scott
334,Matthew,Walker,Matthew Walker
335,Violet,Murray,Violet Murray
336,Leilani,Myers,Leilani Myers
337,Riley,Wallace,Riley Wallace
338,Noah,Scott,Noah Scott
339,Lucy,Owens,Lucy Owens
340,Lucas,Scott,Lucas Scott
341,Grayson,Morris,Grayson Morris
342,Aurora,Ross,Aurora Ross
343,Olivia,Brooks,Olivia Brooks
344,Grayson,Perry,Grayson Perry
345,Layla,Nelson,Layla Nelson
346,Owen,Adams,Owen Adams
347,Aria,Owens,Aria Owens
348,Theo,Edwards,Theo Edwards
349,Nora,Moore,Nora Moore
350,Chloe,Bailey,Chloe Bailey
351,Ivy,Barnes,Ivy Barnes
352,Chloe,Long,Chloe Long
353,Paisley,Davis,Paisley Davis
354,Charlotte,Coleman,Charlotte Coleman
355,William,Bryant,William Bryant
356,Riley,Brooks,Riley Brooks
357,David,Howard,David Howard
358,Zoe,Sullivan,Zoe Sullivan
359,Charlotte,Allen,Charlotte Allen
360,David,Brown,David Brown
361,James,Jackson,James Jackson
362,Penelope,Simmons,Penelope Simmons
363,Lily,Graham,Lily Graham
364,Santiago,Turner,Santiago Turner
365,Charlotte,Myers,Charlotte Myers
366,Hudson,Murphy,Hudson Murphy
367,Emilia,Parker,Emilia Parker
368,Scarlett,Kelly,Scarlett Kelly
369,David,Nelson,David Nelson
370,Ivy,Jenkins,Ivy Jenkins
371,Emma,Reynolds,Emma Reynolds
372,Lily,Ross,Lily Ross
373,Gabriel,Cook,Gabriel Cook
374,Weston,Gray,Weston Gray
375,Nora,Robinson,Nora Robinson
376,Naomi,Morris,Naomi Morris
377,Chloe,Murphy,Chloe Murphy
378,Alexander,Wright,Alexander Wright
379,Luke,Mitchell,Luke Mitchell
380,Grayson,Sullivan,Grayson Sullivan
381,William,Green,William Green
382,David,James,David James
383,Asher,Baker,Asher Baker
384,Julian,Martin,Julian Martin
385,Ellie,Brown,Ellie Brown
386,Samuel,Patterson,Samuel Patterson
387,Camila,Young,Camila Young
388,Ezra,Jackson,Ezra Jackson
389,Elizabeth,Murphy,Elizabeth Murphy
390,Leilani,Cole,Leilani Cole
391,Rowan,Richardson,Rowan Richardson
392,Gabriel,Thomas,Gabriel Thomas
393,Ayla,Murphy,Ayla Murphy
394,Samuel,Hughes,Samuel Hughes
395,Elijah,Simmons,Elijah Simmons
396,Leo,Jordan,Leo Jordan
397,Muhammad,Johnson,Muhammad Johnson
398,Ayla,White,Ayla White
399,Leilani,Hamilton,Leilani Hamilton
400,Lily,Rogers,Lily Rogers
401,Owen,Campbell,Owen Campbell
402,Hudson,Bennett,Hudson Bennett
403,Sophia,Brooks,Sophia Brooks
404,William,Murphy,William Murphy
405,Hazel,Powell,Hazel Powell
406,Asher,Brooks,Asher Brooks
407,Avery,Johnson,Avery Johnson
408,Carter,Coleman,Carter Coleman
409,Carter,Reed,Carter Reed
410,James,Howard,James Howard
411,Olivia,Miller,Olivia Miller
412,Alexander,West,Alexander West
413,Leo,Hall,Leo Hall
414,Oliver,Campbell,Oliver Campbell
415,Zoe,Morgan,Zoe Morgan
416,Willow,Cole,Willow Cole
417,David,Ford,David Ford
418,Grayson,West,Grayson West
419,Camila,Taylor,Camila Taylor
420,James,Price,James Price
421,Charlotte,Fisher,Charlotte Fisher
422,David,Baker,David Baker
423,David,Russell,David Russell
424,Rowan,West,Rowan West
425,Hazel,Anderson,Hazel Anderson
426,Olivia,Young,Olivia Young
427,Paisley,Campbell,Paisley Campbell
428,Mila,Moore,Mila Moore
429,Aurora,Harris,Aurora Harris
430,Mia,Murray,Mia Murray
431,Elena,Owens,Elena Owens
432,Camila,Foster,Camila Foster
433,Noah,Walker,Noah Walker
434,Naomi,Williams,Naomi Williams
435,Elijah,Coleman,Elijah Coleman
436,Evelyn,Russell,Evelyn Russell
437,Ayla,Nelson,Ayla Nelson
438,Theo,Evans,Theo Evans
439,Isla,Bryant,Isla Bryant
440,Scarlett,White,Scarlett White
441,Elias,Myers,Elias Myers
442,Olivia,Jenkins,Olivia Jenkins
443,Isla,Hill,Isla Hill
444,Ethan,Ellis,Ethan Ellis
445,Aurora,Carter,Aurora Carter
446,Eleanor,Fox,Eleanor Fox
447,Rowan,Brown,Rowan Brown
448,Emma,Howard,Emma Howard
449,Violet,Hall,Violet Hall
450,Mila,Phillips,Mila Phillips
451,Owen,Wright,Owen Wright
452,Ava,Sullivan,Ava Sullivan
453,Benjamin,Clark,Benjamin Clark
454,Camila,Barnes,Camila Barnes
455,Harper,Graham,Harper Graham
456,Naomi,Miller,Naomi Miller
457,Luca,Stewart,Luca Stewart
458,Eleanor,Hamilton,Eleanor Hamilton
459,Olivia,Morgan,Olivia Morgan
460,Emilia,Harris,Emilia Harris
461,Sebastian,Walker,Sebastian Walker
462,Lily,Brown,Lily Brown
463,Lucas,Hayes,Lucas Hayes
464,Nora,Thomas,Nora Thomas
465,Owen,Hill,Owen Hill
466,Ayla,Williams,Ayla Williams
467,Sophia,Wood,Sophia Wood
